{
  "dataset": "backend/datasets/disease_symptoms_2023.csv",
  "rows": 246945,
  "label_distribution": {
    "Low": 105726,
    "Medium": 80006,
    "High": 61213
  },
  "accuracy": 0.8898742634999697,
  "precision": 0.9092932652971374,
  "recall": 0.8898742634999697,
  "f1": 0.8859623685668948
}